{
  "train_loss": [
    5.022200584411621,
    3.7785496711730957,
    2.7739012241363525,
    2.0581092834472656,
    1.5845282077789307,
    1.2717564105987549,
    1.0446913242340088,
    0.86606764793396,
    0.7261534333229065,
    0.6132541298866272,
    0.35553786158561707,
    0.28362447023391724,
    0.24417874217033386,
    0.20864726603031158,
    0.17062632739543915,
    0.1444108933210373,
    0.12268185615539551
  ],
  "val_loss": [
    4.583856105804443,
    3.4561948776245117,
    2.6236820220947266,
    1.92635178565979,
    1.6487332582473755,
    1.3733251094818115,
    1.2067735195159912,
    1.1776808500289917,
    1.0586718320846558,
    1.0179357528686523,
    0.8065177798271179,
    0.7845962047576904,
    0.8589004874229431,
    0.7712586522102356,
    0.8036764860153198,
    0.780035674571991,
    0.7820623517036438
  ],
  "train_acc": [
    0.04141050577163696,
    0.16424043476581573,
    0.345236212015152,
    0.50011146068573,
    0.6066002249717712,
    0.679259717464447,
    0.7310865521430969,
    0.7749179601669312,
    0.8068358898162842,
    0.8364285230636597,
    0.9080686569213867,
    0.92667156457901,
    0.9373427033424377,
    0.944828450679779,
    0.9566463828086853,
    0.9639728665351868,
    0.9709807634353638
  ],
  "val_acc": [
    0.08179385960102081,
    0.227544903755188,
    0.37265893816947937,
    0.5321696996688843,
    0.5966365337371826,
    0.6637788414955139,
    0.6932093501091003,
    0.710026741027832,
    0.7347432971000671,
    0.7428972125053406,
    0.7979360222816467,
    0.8027774095535278,
    0.7905465960502625,
    0.8094024658203125,
    0.8076187968254089,
    0.813734233379364,
    0.8167919516563416
  ]
}